{"0": 1.037171875, "1": 1.037171875, "2": 1.037171875, "3": 1.037171875, "4": 1.037171875, "5": 0.7994387705944695, "6": 1.037171875, "7": 1.037171875}